loss,val_loss
6.3725376,5.84849
5.7061152,5.603255
