loss,val_loss
6.6322,6.188638
6.1133456,6.077831
6.0476584,6.0160336
